category,setup,punchline
animal,Why are teddy bears never hungry?,They are always stuffed!
animal,What did the buffalo say to his son when he left for college?,Bison!
animal,What steps do you take if a tiger is running toward you?,Big ones!
animal,What sound do porcupines make when they kiss?,Ouch!
animal,Where do polar bears vote?,The North Poll.
animal,Where do orcas hear music?,Orca-stras!
animal,What fish only swims at night?,A starfish!
animal,How long do chickens work?,Around the cluck!
animal,Why do cows never have any money?,Because the farmers milk them dry!
animal,Where did the sheep go on vacation?,The Baaaahamas.
animal,What do you call an alligator in a vest?,An investigator!
animal,Why did the snake cross the road?,To get to the other ssssssside!
animal,What do frogs order when they go to a restaurant?,French flies.
animal,What does the cat say after making a joke?,Just kitten!
animal,What do you call a dog magician?,A Labracadabrador!
animal,What’s it called when all the treats are gone?,A cat-astrophe.
animal,Why did the cats ask for a drum set?,They wanted to make some mewsic!
animal,Why did the fly never land on the computer?,He was afraid of the web.
animal,Why’s a bee's hair always sticky?,Because it uses a honeycomb!
animal,Why do birds fly south in the winter? ,Because it's too far to walk!
animal,What do ducks watch on TV? ,Duck-umentaries!
animal,What kind of bird works at a construction site?,The crane!
animal,What do you call a penguin in the desert?,Lost.
animal,What do rabbits eat for breakfast?,IHOP.
animal,Why do cows go to New York?,To see the moo-sicals!
blondes,Why can't a blonde dial 911?,She can't find the eleven.
blondes,Why did the blonde put her iPad in a blender?,Because she wanted to make apple juice.
blondes,How did the blonde try to kill the bird?,She threw it off a cliff.
blondes,How did the blonde die drinking milk?,The cow fell on her.
blondes,What do you call a blonde with a brain?,A golden retriever.
blondes,How do you get a one handed blonde down from a tree? ,Wave at her.
blondes,What do you do when a blonde throws a hand grenade at you?,Pull the pin and throw it back.
blondes,Why did the blonde stare at the orange juice bottle for 2 hours?,Because it said 'concentrate'.
blondes,What is five miles long and has an IQ of 40?,A parade of blonde's.
blondes,What do you give a blonde who has everything?,Penicillin.
blondes,What does a blonde do when her laptop computer freezes?,She sticks it in the microwave.
blondes,What do you call a blonde that dyes her hair red?,Artificial intelligence.
blondes,What did the blonde say when she found out she was pregnant?,I wonder if it’s mine.
blondes,How do you confuse a blonde?,You don’t. They’re born that way.
blondes,What happens when a blonde gets Alzheimers disease?,Her IQ goes up!
blondes,How do you sink a submarine full of blondes?,Knock on the door.
blondes,How many dumb blonde jokes are there?,None they're all true stories.
blondes,Why do blondes take the pill?,So they know what day of the week it is.
blondes,Why did the Blonde go to Taco Bell?,To pay her phone bill.
blondes,Why did the Blonde go to the Apple Store?,She wanted a Big Mac meal.
blondes,What does a blonde say when you blow in their ear?,Thanks for the refill!
blondes,How do you drown a blonde?,Tape a mirror to the bottom of a pool.
blondes,Why did the blonde put lipstick on her forehead?,She was trying to make up her mind.
blondes,Why did the blonde purchase a brown cow?,So that she could get chocolate milk.
blondes,Why were there bullet holes in the mirror?,A blonde tried killing herself.
christmas,How do you know when Santa's around?,You can always sense his presents.
christmas,What was Santa's favorite subject in school?,Chemistree.
christmas,What do baby elves learn in Kindergarten at the North Pole?,The elf-abet.
christmas,Why did the scarecrow get a big Christmas bonus?,Because he was outstanding in his field.
christmas,What does Santa suffer from if he gets stuck in a chimney?,Claus-trophobia!
christmas,What is Santa's dog's name?,Santa Paws!
christmas,Where do Santa's elves go swimming?,The North pool.
christmas,What kind of motorcycle does Santa drive?,A Holly Davidson!
christmas,What is Santa’s primary language?,North Polish.
christmas,Why does Santa go down the chimney?,Because it soots him!
christmas,What is Santa's favorite kind of candy?,Jolly ranchers.
christmas,How much did Santa pay for his sleigh?,"Nothing, it was on the house!"
christmas,What do you call a broke Santa Claus?,Saint-nickel-less.
christmas,"What goes “Oh, Oh, Oh”?",Santa walking backward!
christmas,What do you get if you cross Santa with a duck?,A Christmas quacker.
christmas,What’s Santa’s favorite fruit?,(Sugar)plums.
christmas,Who’s Santa’s favorite singer?,Elfish Presley.
christmas,What’s as big as a Christmas tree but is lighter than a feather?,Its shadow.
christmas,What did the Christmas tree do after its bank closed?,It started his own branch.
christmas,How do Christmas trees get their email?,They log-on.
christmas,Why did the Christmas tree go to the dentist?,It needed a root canal!
christmas,What is a Christmas tree's favorite candy?,Orna-mints!
christmas,Why are Christmas trees so fond of the past?,Because the present's beneath them.
christmas,What do you call cutting down a Christmas tree?,Christmas chopping!
christmas,Why are Christmas trees so bad at knitting?,They have too many needles.
chuck_norris,Chuck Norris does not use spell check.,"If he misspells a word, Oxford changes the spelling."
chuck_norris,Time waits for no man.,Unless that man is Chuck Norris.
chuck_norris,Chuck Norris' tears cure cancer.,Too bad he has never cried.
chuck_norris,Some kids pee their name in the snow.,Chuck Norris can pee his name into concrete.
chuck_norris,Once a cobra bit Chuck Norris' leg.,"After five days of excruciating pain, the cobra died."
chuck_norris,Chuck Norris once had a heart attack.,His heart lost.
chuck_norris,Chuck Norris doesn't wear a watch.,He decides what time it is.
chuck_norris,Chuck Norris does not get frostbite.,Chuck Norris bites frost.
chuck_norris,Most people have 23 pairs of chromosomes.,Chuck Norris has 72 and they're all lethal.
chuck_norris,Chuck Norris once ordered a steak in a restaurant.,The steak did what it was told.
chuck_norris,We live in an expanding universe.,All of it is trying to get away from Chuck Norris.
chuck_norris,Chuck Norris had to stop washing his clothes in the ocean.,Too many tsunamis.
chuck_norris,Chuck Norris doesn't need to shave.,His beard is scared to grow.
chuck_norris,Chuck Norris doesn’t cheat death.,He wins fair and square.
chuck_norris,Chuck Norris once won an underwater breathing contest.,With a fish.
chuck_norris,The Great Wall of China was originally created to keep Chuck Norris out.,It didn’t work.
chuck_norris,Chuck Norris threw a grenade and killed 50 people.,Then it exploded.
chuck_norris,There is no chin behind Chuck Norris’ beard.,There is only another fist.
chuck_norris,Chuck Norris once had a staring contest with a statue.,The statue blinked.
chuck_norris,Chuck Norris doesn’t need a parachute.,He just tells the ground to stop and it obeys.
chuck_norris,Chuck Norris never retreats.,He just attacks in the opposite direction.
chuck_norris,Chuck Norris was exposed to Covid-19.,Covid-19 was quarantined for a month.
chuck_norris,Chuck Norris has never blinked in his entire life.,Never.
chuck_norris,Chuck Norris didn’t call the wrong number.,You answered the wrong phone.
chuck_norris,Chuck Norris skipped school one day.,That day has since been known as Sunday.
food,What do you call a dinosaur that eats its veggies?,A broccoli-saurus
food,What’s the strongest vegetable?,Muscle sprouts!
food,What is a taxi driver’s favorite kind of vegetable?,A cab-bage!
food,What kind of apple isn’t an apple?,A pineapple!
food,What did the apple skin say to the apple?,I’ve got you covered!
food,Why did the people dance to the vegetable band?,Because it had a good beet!
food,What do you call someone who raps about vegetables?,A beet boxer!
food,How do you get a mouse to smile?,"Say, “cheese!”"
food,What’s a chicken’s favorite kind of vegetable?,An eggplant!
food,What did the baby corn call his dad?,Pop-corn!
food,What kind of key doesn’t open a lock?,A key-wi!
food,Why don’t eggs tell jokes?,They’d crack each other up!
food,What vegetables do librarians like?,Quiet peas!
food,Why did the chef have to stop cooking?,He ran out of thyme!
food,What’s a baker’s favorite joke?,A cinnamon pun!
food,Why did the tofu cross the road?,To prove he wasn’t chicken!
food,When do you go at red and stop at green?,When you’re eating a watermelon!
food,What do you call a sleeping pizza?,A piZZZZZZZZZZZZZa!
food,Why does bread like warmer weather?,It gets toasty!
food,What’s a pumpkin’s favorite game?,Squash!
food,What do you call a fake noodle?,An im-PASTA!
food,How does rice say “goodbye”?,I hope to see you a-grain.
food,What’s a penguin’s favorite salad ingredient?,Iceburg lettuce!
food,What did the salad say to the dressing?,Lettuce be friends!
food,Which type of key won’t open a door?,A tur-key!
one_liner,My wife told me to stop impersonating a flamingo.,I had to put my foot down.
one_liner,I heard there were a bunch of break-ins over at the car park.,That is wrong on so many levels.
one_liner,I can’t believe I got fired from the calendar factory.,All I did was take a day off.
one_liner,My wife just found out I replaced our bed with a trampoline. ,She hit the ceiling!
one_liner,I used to think I was indecisive.,But now I’m not so sure.
one_liner,My therapist says I have a preoccupation for revenge.,We’ll see about that.
one_liner,A told my girlfriend she drew her eyebrows too high.,She seemed surprised.
one_liner,Always borrow money from a pessimist.,They’ll never expect it back.
one_liner,The problem isn’t that obesity runs in your family.,It’s that no one runs in your family.
one_liner,I’m reading a book about anti-gravity.,It’s impossible to put down.
one_liner,"The future, the present, and the past walk into a bar.",Things got a little tense.
one_liner,I just got kicked out of a secret cooking society.,I spilled the beans.
one_liner,What’s a frog’s favorite type of shoes?,Open toad sandals.
one_liner,Two wifi engineers got married.,The reception was fantastic.
one_liner,Just got fired from my job as a set designer.,I left without making a scene.
one_liner,What’s the difference between ignorance and apathy?,I don’t know and I don’t care.
one_liner,One of the cows didn’t produce milk today.,It was an udder failure.
one_liner,A book fell on my head the other day.,I only have my shelf to blame though.
one_liner,I buy all my guns from a guy called T-Rex.,He’s a small arms dealer.
one_liner,My friend’s bakery burned down last night.,Now his business is toast.
one_liner,I bought the world’s worst thesaurus yesterday.,"Not only is it terrible, it’s also terrible."
one_liner,Did you hear about the guy whose whole left side got amputated?,He’s all right now.
one_liner,Will glass coffins be a success?,Remains to be seen.
one_liner,I put my grandma on speed dial the other day.,I call it insta-gram.
one_liner,I threw a boomerang a couple years ago.,I know live in constant fear.
political,What’s the difference between baseball and politics?,In baseball you’re out if you’re caught stealing.
political,Why are there no K-Marts in Syria?,Cause there are targets everywhere!
political,What do you call a lawyer who has gone bad?,Senator.
political,"What did Gandhi say to the British, after they asked him to move?","Nah, mastay."
political,A politician will find an excuse to get out of anything.,Except office.
political,What's the difference between 9/11 and a cow?,You can't milk a cow for over 10 years.
political,Why does the queen carry a scepter?,Because everyone works 'cept her.
political,What did the corrupt congressman order on Election Day?,Stuffed ballots.
political,I don't approve of political jokes.,I've seen too many of them get elected.
political,Best definition of dedundancy.,A Politician with an airbag in his car.
political,To err is human.,To blame someone else is politics.
political,What sport did the politician want to learn?,How to Ballot Box.
political,I don't blame Congress.,"If I had $600 billion, I'd be irresponsible too."
political,What’s the difference between the government and the Mafia?,One of them is organized.
political,What did the roller-blader wear to go voting?,In-line skates.
political,What kind of limb did the candidate for president go on?,An executive branch.
political,What grows longer every election year?,The branches of government.
political,Where did the politician take his wife for something sweet?,On a candydate.
political,Why did the county legislator fall asleep?,He was one of the Bored Members.
political,What does it cost to vote?,You’ll have to look at the Bill of Rights to find out.
political,Why did the boy vote for the bicycle?,He liked how he spoke.
political,Why couldn’t the spaghetti vote in this district?,He was an impasta.
political,What do you call a snake that works for the government?,A civil serpent.
political,Why is Putin's government like Microsoft Edge?,You can't uninstall either.
political,What do you call it when a government official assassinates a citizen?,A Car Crash.
programming,Why are Assembly programmers always soaking wet?,They work below C-level.
programming,Why do Java programmers have to wear glasses?,Because they don’t C#.
programming,What’s the object-oriented way to become wealthy?,Inheritance.
programming,Why did the programmer quit his job?,Because he didn’t get arrays.
programming,UNIX is user friendly.,It’s just very particular about who its friends are.
programming,I don’t see women as objects.,I consider each to be in a class of her own.
programming,What’s the best thing thing about UDP jokes?,I don’t care if you get them.
programming,What’s the best part about TCP jokes?,I get to keep telling them until you get them.
programming,What is a programmer?,A machine that turns coffee into code.
programming,"Software can be fast, reliable and cheap.",Choose any two.
programming,There are 10 kinds of people in the world.,Those who understand binary and those who don’t.
programming,What did the Java Code say to the C code?,You’ve got no class.
programming,Why do programmers prefer dark mode?,Because light attracts bugs.
programming,What is the most used language in programming?,Profanity.
programming,What do you call a programmer who vomits at IHOP?,A stack overflow.
programming,A user interface is like a joke.,"If you have to explain it, it means it’s not good."
programming,What did the boolean say to the integer?,You can’t handle the truth.
programming,How many programmers does it take to change a light bulb?,None. It’s a hardware problem.
programming,What is hardware?,It’s the part of a computer that can kick you.
programming,What is debugging?,Removing the needles from the haystack.
programming,Why did the software coder enjoy pressing the F5 key?,It was refreshing.
programming,What did the router say to the doctor?,It hurts when IP.
programming,Why do programmers always mix up Halloween and Christmas?,Because Oct 31 = Dec 25.
programming,Why did the boy get fired from his keyboard factory job?,Because he was not putting enough shifts.
programming,What made the JavaScript developer so sad?,He did not Node how to Express himself.
relationship,Why do wives use twice as many words as their husbands?,Because they always have to repeat themselves.
relationship,Losing a significant other can be hard.,"In some cases, it’s impossible."
relationship,Have you seen the new divorced Barbie?,She comes with all of Ken’s stuff.
relationship,I had a one night stand last year that went horribly wrong. ,We’re married now.
relationship,I never knew true happiness until I got married.,"Then, it was too late."
relationship,How to lose a fight with your wife?,Argue.
relationship,A man is incomplete until he’s married.,Then he’s finished.
relationship,I know of no one who is happily married.,Except my husband.
relationship,My wife and I took out life insurance policies on each other.,"So, now it’s just a waiting game."
relationship,What kind of ship has two mates but no captain?,A relationship.
relationship,My girlfriend says I don’t respect her privacy.,At least that’s what she wrote in her diary.
relationship,"Once you’re married, people stop asking about your sex life.",They know you don’t have one.
relationship,What do you call a woman who knows where her husband is every night?,A widow.
relationship,I tried to remarry my ex.,She figured out I was only after my money.
relationship,My boyfriend left me for being too old fashioned. ,It’s a shame.I thought we had great alchemy.
relationship,My husband and I had a blissful first 25 years.,And then we met and got married.
relationship,I recently ended a long-term relationship.,"It’s OK, though It wasn’t mine."
relationship,People always ask me why I’m single.,"I’m single by choice, just not my choice."
relationship,There are two times men don’t understand women.,Before and after marriage.
relationship,I love a man with confidence. ,"Without that, what’s left to destroy?"
relationship,How many divorced men does it take to change a light bulb?,None because they never get the house.
relationship,How can you tell if a woman is divorced?,She’s bungee jumping for joy.
relationship,My husband said he needed more space.,I locked him outside.
relationship,Want to convert your sofa into a sofa bed?,Just forget your anniversary.
relationship,Why is divorce so expensive?,Because it’s worth it.
religious,How do you make holy water?,You boil the hell out of it.
religious,What kind of car does Jesus drive?,A Christler.
religious,Why are atoms Catholic?,Because they have mass.
religious,How does Moses make his tea?,Hebrews it.
religious,What's faster than a cheetah?,A Jew with a coupon!
religious,What do you call batman skipping church.,Christian Bale.
religious,What do you call a sleepwalking nun?,A roamin-catholic.
religious,Seen while passing by a church:,Get in touch with God by knee mail.
religious,When is medicine first mentioned in the Bible?,When God gave Moses two tablets.
religious,At what time of day did God create Adam?,Just before Eve.
religious,Did Eve have a date with Adam?,"No, just an apple."
religious,Who was the fastest runner in the race?,"Adam, as he was first in the human race."
religious,I went running with my Bible.,Now my Psalms are sweaty.
religious,When was meat first mentioned in the Bible?,When Noah took ham into the ark.
religious,How do we know Peter was a rich fisherman?,By his net income.
religious,What’s a missionary’s favorite type of car?,A convertible.
religious,What does God call his nose?,God knows.
religious,Why did God create man before woman?,Because He didn’t want any advice on how to do it.
religious,What’s a miracle that can be done by a complainer?,Turning anything into whine.
religious,Why did Moses cross the Red Sea?,To get to the other side.
religious,The thief that stole my diary and my Bible died today.,My thoughts and prayers are with his family.
religious,Why did the hawk sit on the church steeple?,Because it was a bird of pray.
religious,"In the Bible, Jesus turned water into wine.",But then Chuck Norris turned that wine into beer.
religious,What did Adam say on the day before Christmas?,"It’s Christmas, Eve!"
religious,How long did Cain hate his brother?,As long as he was Abel.
school,Name the flying mammal in the kindergarten class.,AlphaBAT.
school,What’s so fresh in the chemistry class?,The experiMINTS.
school,Why did the student throw her watch out of the school window?,She wanted to see time fly.
school,Why do magicians score well in exams?,Because they can handle tricky questions.
school,Why does the math class make students sad?,Because it is full of problems.
school,Why does the music teacher need a ladder in the school?,To reach higher notes.
school,How do bees go to school?,By school buzz.
school,Which is the tallest school building?,The library—because it has many STORIES.
school,Why is six afraid of seven?,Because seven ATE nine.
school,What is a snake’s favorite subject?,HISStory.
school,Who is the leader of the school supplies?,The ruler.
school,What is a boy in a class with a dictionary in his pants called?,Smartie pants.
school,What’s the best place to grow flowers in a school.,KinderGARDEN.
school,Which school do the birds go to?,High school.
school,Which is the shortest month of the year?,May—Because it has only 3 letters.
school,Why does a dog do so well in school?,Because it’s the teacher’s pet.
school,What did the paper say to the pen?,You have a good point.
school,What is black when it’s clean and white when it’s dirty?,The blackboard.
school,Why are fish considered the smartest?,Because they live in schools.
school,Why do we measure a snake in inches?,Because it does not have feet.
school,What’s the calculator’s favorite statement?,You can count on me.
school,Which school do the surfers go to?,The Boarding school.
school,A room that a student can never enter.,A mushROOM.
school,Why was the echo detained at school?,Because it replied every single time.
school,A butterfly’s favorite subject.,MOTHematics.
yo_momma,"Yo mama's so poor,",the ducks throw bread at her.
yo_momma,"Yo mama's cooking is so nasty,",the house flies got together to fix the hole in the window screen.
yo_momma,"Yo mama's so depressing,",blues singers come to visit her when they've got writer's block.
yo_momma,"Yo mama's so short,",you can see her feet on her driver's license.
yo_momma,"Yo mama is so old,she walked into an antique store, ",and they didn't let her leave.
yo_momma,"Yo mama's so classless,",she's a Marxist utopia.
yo_momma,"Yo momma is so poor,",she chases the garbage truck with a grocery list.
yo_momma,"Yo momma's armpits are so hairy,",it looks like she's got Buckwheat in a headlock.
yo_momma,"Yo mama's so lazy,",she has a stay-at-home job and still is late to work.
yo_momma,"Yo momma so old,",her Social Security number is one.
yo_momma,"Yo mama is so mean,",that Taylor Swift wrote a song about her.
yo_momma,"Yo momma so short,",she went to see Santa and he told her to get back to work.
yo_momma,"Yo mama's so nasty,","they used to call them ""jumpolines"" 'til she bounced on one."
yo_momma,"Yo mama is so strict,",she enforced a curfew for the entire neighborhood.
yo_momma,"Yo momma so old,",she knew Burger King when he was a prince.
yo_momma,"Yo mama is so nasty,",she went swimming and made the Dead Sea.
yo_momma,"Yo mama's so poor,",Nigerian princes wire her money.
yo_momma,"Yo momma so short,",she has to slam dunk her bus fare.
yo_momma,"Yo mama's glasses are so thick when she looks at a map,",she can see people waving.
yo_momma,"Yo momma so old,",she was a waitress at the Last Supper.
yo_momma,"Yo mama's house is so dirty,",she has to wipe her feet before she goes outside.
yo_momma,"Yo mama is so mean,",even Hello Kitty said goodbye.
yo_momma,"Yo mama is so nice,",she'd give me the hair off her back.
yo_momma,"Yo mama's lips are so big,",when she smiles she gets Chapstick on her ears.
yo_momma,"Yo momma is so lazy,",she stuck her nose out the window and let the wind blow it.
